Sample,Cq_DCP2,DCP2CqMean,CqStdDev_DCP2,Cq_CD40,CD40_CqMean,CqStdDev_CD40,Cq_CD248,CD248_CqMean,CqStdDev_CD248,Cq_CD8A,CD8A_CqMean,CqStdDev_CD8A,Cq_GUSB1,GUSB1_CqMean,CqStdDev_GUSB1,Cq_GUSB2,GUSB2_CqMean,CqStdDev_GUSB2,Cq_TBP1,TBP1_CqMean,CqStdDev_TPB1,Cq_TBP2,TBP2_CqMean,CqStdDev_TBP2,Cq_FAR1,FAR1_CqMean,CqStdDev_FAR1,Cq_PARK2,PARK2_CqMean,CqStdDev_PARK2,Cq_POUF2,POUF2_CqMean,CqStdDev_POUF2,Cq_WIPI2,WIPI2_CqMean,CqStdDev_WIPI2,Cq_CD19,CD19_CqMean,CqStdDev_CD19,Cq_GAPDH,GAPDH_CMean,CqStDev_GAPDH,Cq_KLRB1,KLRB1CqMean,CqStDDev_KLRB1,Cq_SLC15A4,SLC15A4_CqMean,CqStdDev_SLC15A4
1A,26.46,26.52,0.071,27.23,27.49,0.238,32.2,32.32,0.146,28.36,28.42,0.132,27.45,27.51,0.086,27.6,27.7,0.246,26.9,27.12,0.192,27.21,27.2,0.069,29.54,29.55,0.021,30.56,30.66,0.096,26.94,26.92,0.137,28.53,28.61,0.147,32.4,32.35,0.044,23.06,23.06,0.013,27.58,27.57,0.011,29,28.96,0.067
1A,26.6,26.52,0.071,27.52,27.49,0.238,32.48,32.32,0.146,28.57,28.42,0.132,27.61,27.51,0.086,27.98,27.7,0.246,27.2,27.12,0.192,27.26,27.2,0.069,29.57,29.55,0.021,30.75,30.66,0.096,26.77,26.92,0.137,28.78,28.61,0.147,32.31,32.35,0.044,23.07,23.06,0.013,27.57,27.57,0.011,29.01,28.96,0.067
1A,26.51,26.52,0.071,27.71,27.49,0.238,32.28,32.32,0.146,28.32,28.42,0.132,27.48,27.51,0.086,27.52,27.7,0.246,27.26,27.12,0.192,27.12,27.2,0.069,29.54,29.55,0.021,30.69,30.66,0.096,27.04,26.92,0.137,28.51,28.61,0.147,32.34,32.35,0.044,23.05,23.06,0.013,27.56,27.57,0.011,28.89,28.96,0.067
2A,27.51,27.59,0.075,28.18,28.36,0.159,33.05,33.04,0.005,30.05,30.05,0.014,28.63,28.64,0.017,28.56,28.54,0.016,27.73,27.87,0.136,28,27.92,0.087,30.62,30.65,0.036,31.12,31.26,0.147,28.11,28.03,0.113,29.69,29.53,0.15,34.54,34.52,0.121,23.46,23.5,0.055,27.81,27.84,0.058,29.94,29.95,0.052
2A,27.59,27.59,0.075,28.47,28.36,0.159,33.04,33.04,0.005,30.04,30.05,0.014,28.62,28.64,0.017,28.54,28.54,0.016,28,27.87,0.136,27.82,27.92,0.087,30.63,30.65,0.036,31.25,31.26,0.147,28.09,28.03,0.113,29.4,29.53,0.15,34.39,34.52,0.121,23.48,23.5,0.055,27.81,27.84,0.058,30,29.95,0.052
2A,27.66,27.59,0.075,28.44,28.36,0.159,33.04,33.04,0.005,30.06,30.05,0.014,28.65,28.64,0.017,28.53,28.54,0.016,27.88,27.87,0.136,27.94,27.92,0.087,30.69,30.65,0.036,31.41,31.26,0.147,27.9,28.03,0.113,29.48,29.53,0.15,34.63,34.52,0.121,23.56,23.5,0.055,27.91,27.84,0.058,29.9,29.95,0.052
3A,27.44,27.37,0.064,28.07,28.15,0.067,33.08,33.35,0.237,32.22,32.3,0.094,28.32,28.24,0.076,28.4,28.43,0.093,27.55,27.64,0.116,27.77,27.8,0.021,30.62,30.68,0.066,30.57,30.56,0.032,27.71,27.79,0.072,29.07,29.1,0.072,37.63,37.73,0.735,23.39,23.53,0.148,27.68,27.65,0.04,29.59,29.62,0.03
3A,27.36,27.37,0.064,28.2,28.15,0.067,33.5,33.35,0.237,32.26,32.3,0.094,28.24,28.24,0.076,28.35,28.43,0.093,27.77,27.64,0.116,27.81,27.8,0.021,30.75,30.68,0.066,30.58,30.56,0.032,27.85,27.79,0.072,29.05,29.1,0.072,37.06,37.73,0.735,23.51,23.53,0.148,27.67,27.65,0.04,29.63,29.62,0.03
3A,27.32,27.37,0.064,28.17,28.15,0.067,33.47,33.35,0.237,32.4,32.3,0.094,28.17,28.24,0.076,28.53,28.43,0.093,27.61,27.64,0.116,27.8,27.8,0.021,30.68,30.68,0.066,30.52,30.56,0.032,27.81,27.79,0.072,29.19,29.1,0.072,38.52,37.73,0.735,23.68,23.53,0.148,27.6,27.65,0.04,29.64,29.62,0.03
4A,27.9,27.9,0.031,28.4,28.47,0.064,34.11,34.23,0.15,31.68,31.63,0.09,28.73,28.74,0.092,28.72,28.75,0.042,28.05,28.01,0.053,28.14,28.23,0.116,30.67,30.71,0.078,31.06,31,0.078,28.18,28.29,0.157,29.63,29.54,0.077,38.28,37.62,0.578,24.06,24,0.127,27.49,27.57,0.073,30.13,30.14,0.061
4A,27.94,27.9,0.031,28.48,28.47,0.064,34.19,34.23,0.15,31.52,31.63,0.09,28.84,28.74,0.092,28.79,28.75,0.042,28.02,28.01,0.053,28.18,28.23,0.116,30.66,30.71,0.078,30.91,31,0.078,28.47,28.29,0.157,29.5,29.54,0.077,37.32,37.62,0.578,24.09,24,0.127,27.64,27.57,0.073,30.2,30.14,0.061
4A,27.87,27.9,0.031,28.52,28.47,0.064,34.4,34.23,0.15,31.68,31.63,0.09,28.65,28.74,0.092,28.73,28.75,0.042,27.95,28.01,0.053,28.36,28.23,0.116,30.8,30.71,0.078,31.04,31,0.078,28.21,28.29,0.157,29.5,29.54,0.077,37.25,37.62,0.578,23.86,24,0.127,27.58,27.57,0.073,30.08,30.14,0.061
5A,27.49,27.44,0.081,28.34,28.39,0.059,33.49,33.55,0.142,32.8,33.01,0.198,28.48,28.46,0.066,28.65,28.88,0.207,27.65,27.76,0.113,27.93,27.86,0.063,31.11,31.07,0.043,31.02,30.91,0.101,28.18,28.16,0.04,29.31,29.32,0.061,36.54,36.91,0.332,23.97,24,0.075,27.39,27.45,0.084,30.22,30.2,0.039
5A,27.35,27.44,0.081,28.38,28.39,0.059,33.45,33.55,0.142,33.02,33.01,0.198,28.38,28.46,0.066,28.95,28.88,0.207,27.76,27.76,0.113,27.81,27.86,0.063,31.08,31.07,0.043,30.88,30.91,0.101,28.11,28.16,0.04,29.39,29.32,0.061,37.01,36.91,0.332,23.95,24,0.075,27.54,27.45,0.084,30.23,30.2,0.039
5A,27.49,27.44,0.081,28.45,28.39,0.059,33.72,33.55,0.142,33.2,33.01,0.198,28.51,28.46,0.066,29.04,28.88,0.207,27.87,27.76,0.113,27.84,27.86,0.063,31.02,31.07,0.043,30.83,30.91,0.101,28.18,28.16,0.04,29.27,29.32,0.061,37.18,36.91,0.332,24.09,24,0.075,27.4,27.45,0.084,30.16,30.2,0.039
6A,27.8,27.78,0.035,28.77,28.92,0.127,35.32,34.77,0.51,33.68,33.57,0.102,28.49,28.54,0.085,28.75,28.68,0.081,27.93,28,0.062,29.03,28.46,0.494,31.17,31.14,0.05,30.95,31.09,0.184,28.21,28.35,0.19,29.47,29.41,0.086,36.03,36.32,0.296,24.29,24.29,0.072,27.75,27.73,0.057,30.51,30.55,0.107
6A,27.74,27.78,0.035,29,28.92,0.127,34.69,34.77,0.51,33.48,33.57,0.102,28.51,28.54,0.085,28.71,28.68,0.081,28.05,28,0.062,28.12,28.46,0.494,31.17,31.14,0.05,31.01,31.09,0.184,28.28,28.35,0.19,29.31,29.41,0.086,36.62,36.32,0.296,24.36,24.29,0.072,27.66,27.73,0.057,30.47,30.55,0.107
6A,27.79,27.78,0.035,28.98,28.92,0.127,34.31,34.77,0.51,33.55,33.57,0.102,28.64,28.54,0.085,28.59,28.68,0.081,28.01,28,0.062,28.24,28.46,0.494,31.08,31.14,0.05,31.3,31.09,0.184,28.57,28.35,0.19,29.44,29.41,0.086,36.32,36.32,0.296,24.22,24.29,0.072,27.77,27.73,0.057,30.67,30.55,0.107
7A,27.43,27.38,0.075,28.2,28.35,0.198,40.7,33.96,0.212,36.11,35.52,0.539,28.55,28.55,0.069,28.76,28.65,0.13,27.5,27.62,0.196,27.78,27.77,0.016,30.72,30.68,0.179,30.54,30.57,0.03,28.23,28.22,0.015,29.51,29.5,0.013,37.36,36.92,0.393,23.77,23.82,0.08,27.78,27.8,0.062,30.12,29.96,0.169
7A,27.41,27.38,0.075,28.27,28.35,0.198,34.11,33.96,0.212,35.42,35.52,0.539,28.62,28.55,0.069,28.51,28.65,0.13,27.5,27.62,0.196,27.77,27.77,0.016,30.48,30.68,0.179,30.57,30.57,0.03,28.23,28.22,0.015,29.49,29.5,0.013,36.8,36.92,0.393,23.77,23.82,0.08,27.76,27.8,0.062,29.99,29.96,0.169
7A,27.29,27.38,0.075,28.57,28.35,0.198,34.06,33.96,0.212,35.04,35.52,0.539,28.48,28.55,0.069,28.69,28.65,0.13,27.84,27.62,0.196,27.75,27.77,0.016,30.83,30.68,0.179,30.59,30.57,0.03,28.2,28.22,0.015,29.51,29.5,0.013,36.6,36.92,0.393,23.91,23.82,0.08,27.87,27.8,0.062,29.78,29.96,0.169
8A,27.8,27.94,0.125,29.98,30.02,0.06,35.06,35.17,0.094,34.96,34.82,0.272,28.95,29.05,0.082,29.03,29.12,0.081,28.08,28.11,0.034,28.27,28.3,0.033,31.13,31.12,0.044,32.43,32.35,0.117,28.2,28.14,0.05,29.8,29.74,0.045,37.99,37.94,0.163,24.06,23.96,0.088,28.65,28.67,0.059,30.02,29.94,0.067
8A,28.04,27.94,0.125,30,30.02,0.06,35.2,35.17,0.094,34.5,34.82,0.272,29.09,29.05,0.082,29.13,29.12,0.081,28.1,28.11,0.034,28.29,28.3,0.033,31.16,31.12,0.044,32.22,32.35,0.117,28.1,28.14,0.05,29.72,29.74,0.045,38.06,37.94,0.163,23.91,23.96,0.088,28.63,28.67,0.059,29.91,29.94,0.067
8A,27.99,27.94,0.125,30.09,30.02,0.06,35.24,35.17,0.094,34.99,34.82,0.272,29.09,29.05,0.082,29.19,29.12,0.081,28.15,28.11,0.034,28.33,28.3,0.033,31.07,31.12,0.044,32.41,32.35,0.117,28.14,28.14,0.05,29.72,29.74,0.045,37.75,37.94,0.163,23.91,23.96,0.088,28.74,28.67,0.059,29.9,29.94,0.067
9A,28.34,28.41,0.14,29.25,29.28,0.034,34.8,34.72,0.141,31.92,31.94,0.022,29.5,29.5,0.13,29.62,29.72,0.091,28.76,28.81,0.044,28.81,28.93,0.185,32.46,32.34,0.114,32.04,32.01,0.171,29.05,29.14,0.1,30.16,29.94,0.21,37.52,36.87,0.57,24.41,24.43,0.066,28.78,28.77,0.15,31.25,31.32,0.101
9A,28.32,28.41,0.14,29.27,29.28,0.034,34.56,34.72,0.141,31.97,31.94,0.022,29.37,29.5,0.13,29.8,29.72,0.091,28.81,28.81,0.044,28.83,28.93,0.185,32.32,32.34,0.114,31.82,32.01,0.171,29.12,29.14,0.1,29.74,29.94,0.21,36.61,36.87,0.57,24.5,24.43,0.066,28.91,28.77,0.15,31.29,31.32,0.101
9A,28.57,28.41,0.14,29.31,29.28,0.034,34.8,34.72,0.141,31.93,31.94,0.022,29.63,29.5,0.13,29.74,29.72,0.091,28.85,28.81,0.044,29.14,28.93,0.185,32.24,32.34,0.114,32.16,32.01,0.171,29.25,29.14,0.1,29.92,29.94,0.21,36.47,36.87,0.57,24.38,24.43,0.066,28.62,28.77,0.15,31.44,31.32,0.101
10A,28.04,27.97,0.118,28.51,28.61,0.082,34.75,34.8,0.051,33.61,33.7,0.128,29.06,29.05,0.054,28.96,29,0.042,28.22,28.32,0.081,28.35,28.4,0.072,31,30.97,0.027,31.77,31.84,0.099,28.3,28.4,0.109,29.99,30.04,0.071,37.23,37.16,0.114,23.7,23.73,0.029,27.4,27.42,0.028,30.15,30.29,0.124
10A,27.84,27.97,0.118,28.65,28.61,0.082,34.8,34.8,0.051,33.85,33.7,0.128,28.99,29.05,0.054,29.05,29,0.042,28.35,28.32,0.081,28.36,28.4,0.072,30.95,30.97,0.027,31.8,31.84,0.099,28.52,28.4,0.109,30.02,30.04,0.071,37.03,37.16,0.114,23.76,23.73,0.029,27.41,27.42,0.028,30.34,30.29,0.124
10A,28.05,27.97,0.118,28.66,28.61,0.082,34.85,34.8,0.051,33.65,33.7,0.128,29.1,29.05,0.054,28.99,29,0.042,28.38,28.32,0.081,28.48,28.4,0.072,30.97,30.97,0.027,31.95,31.84,0.099,28.38,28.4,0.109,30.12,30.04,0.071,37.22,37.16,0.114,23.72,23.73,0.029,27.45,27.42,0.028,30.38,30.29,0.124
11A,27.05,27.15,0.098,28.12,28.1,0.015,32.68,32.75,0.1,31.7,31.62,0.17,28.25,28.25,0.015,28.26,28.19,0.158,27.34,27.36,0.03,27.51,27.47,0.197,30.54,30.55,0.066,30.51,30.43,0.076,27.92,28.07,0.13,29.2,29.07,0.115,36.39,36.2,0.283,23.67,23.6,0.059,26.79,26.76,0.035,29.68,29.75,0.071
11A,27.17,27.15,0.098,28.09,28.1,0.015,32.69,32.75,0.1,31.74,31.62,0.17,28.24,28.25,0.015,28.3,28.19,0.158,27.35,27.36,0.03,27.26,27.47,0.197,30.48,30.55,0.066,30.4,30.43,0.076,28.11,28.07,0.13,28.97,29.07,0.115,36.34,36.2,0.283,23.57,23.6,0.059,26.72,26.76,0.035,29.82,29.75,0.071
11A,27.24,27.15,0.098,28.09,28.1,0.015,32.86,32.75,0.1,31.43,31.62,0.17,28.27,28.25,0.015,28.01,28.19,0.158,27.4,27.36,0.03,27.64,27.47,0.197,30.61,30.55,0.066,30.37,30.43,0.076,28.16,28.07,0.13,29.05,29.07,0.115,35.88,36.2,0.283,23.57,23.6,0.059,26.77,26.76,0.035,29.74,29.75,0.071
12A,27.32,27.37,0.057,28.65,28.62,0.41,32.96,32.88,0.096,31.69,31.62,0.212,28.08,28.09,0.022,28.12,28,0.298,27.68,27.59,0.371,27.27,27.22,0.074,30.26,30.26,0.025,30.1,30.09,0.027,28.08,27.97,0.107,29.56,29.1,0.437,35.55,35.75,0.184,23.67,23.68,0.046,27.37,27.25,0.125,30.27,30.22,0.047
12A,27.43,27.37,0.057,29.02,28.62,0.41,32.92,32.88,0.096,31.78,31.62,0.212,28.12,28.09,0.022,28.23,28,0.298,27.92,27.59,0.371,27.24,27.22,0.074,30.23,30.26,0.025,30.06,30.09,0.027,27.87,27.97,0.107,29.07,29.1,0.437,35.91,35.75,0.184,23.73,23.68,0.046,27.12,27.25,0.125,30.22,30.22,0.047
12A,27.35,27.37,0.057,28.2,28.62,0.41,32.78,32.88,0.096,31.38,31.62,0.212,28.09,28.09,0.022,27.67,28,0.298,27.19,27.59,0.371,27.13,27.22,0.074,30.28,30.26,0.025,30.11,30.09,0.027,27.97,27.97,0.107,28.68,29.1,0.437,35.8,35.75,0.184,23.64,23.68,0.046,27.27,27.25,0.125,30.17,30.22,0.047
1B,27.22,27.22,0.019,30.28,30.33,0.074,29.43,29.39,0.052,24.1,24.03,0.059,27.37,27.32,0.043,,,,26.39,26.29,0.084,27.09,27.16,0.085,28.04,27.88,0.143,30.08,30.07,0.043,28.41,28.37,0.038,29.75,29.7,0.047,36.12,35.98,0.227,23.2,23.26,0.056,27.1,27.08,0.021,28.77,28.86,0.086
1B,27.23,27.22,0.019,30.29,30.33,0.074,29.33,29.39,0.052,23.99,24.03,0.059,27.29,27.32,0.043,,,,26.26,26.29,0.084,27.13,27.16,0.085,27.76,27.88,0.143,30.11,30.07,0.043,28.37,28.37,0.038,29.66,29.7,0.047,36.11,35.98,0.227,23.28,23.26,0.056,27.06,27.08,0.021,28.9,28.86,0.086
1B,27.19,27.22,0.019,30.41,30.33,0.074,29.42,29.39,0.052,24.01,24.03,0.059,27.31,27.32,0.043,,,,26.23,26.29,0.084,27.26,27.16,0.085,27.83,27.88,0.143,30.03,30.07,0.043,28.34,28.37,0.038,29.68,29.7,0.047,35.72,35.98,0.227,23.31,23.26,0.056,27.07,27.08,0.021,28.93,28.86,0.086
2B,27.78,27.82,0.076,28.9,28.85,0.038,30.43,30.37,0.065,24.28,24.22,0.053,27.85,27.79,0.054,,,,27.12,27.09,0.034,27.63,27.66,0.051,28.18,28.32,0.15,31.1,31.03,0.063,29.08,29.11,0.064,30.21,30.39,0.177,38.42,38.46,0.368,23.5,23.44,0.05,25.32,25.31,0.063,28.2,28.22,0.071
2B,27.78,27.82,0.076,28.84,28.85,0.038,30.39,30.37,0.065,24.19,24.22,0.053,27.75,27.79,0.054,,,,27.06,27.09,0.034,27.72,27.66,0.051,28.48,28.32,0.15,30.98,31.03,0.063,29.06,29.11,0.064,30.56,30.39,0.177,38.11,38.46,0.368,23.42,23.44,0.05,25.24,25.31,0.063,28.3,28.22,0.071
2B,27.91,27.82,0.076,28.83,28.85,0.038,30.3,30.37,0.065,24.19,24.22,0.053,27.78,27.79,0.054,,,,27.09,27.09,0.034,27.64,27.66,0.051,28.3,28.32,0.15,31.01,31.03,0.063,29.18,29.11,0.064,30.41,30.39,0.177,38.84,38.46,0.368,23.4,23.44,0.05,25.36,25.31,0.063,28.17,28.22,0.071
3B,28.29,28.3,0.015,29.78,29.79,0.114,30.36,30.33,0.046,24.34,24.3,0.052,27.85,27.68,0.156,,,,27.31,27.23,0.074,27.99,27.93,0.141,28.73,28.86,0.316,30.85,30.79,0.057,28.92,29.03,0.095,30.18,30.21,0.083,37.72,38.06,0.365,23.33,23.32,0.022,26.21,26.22,0.016,28.48,28.47,0.013
3B,28.29,28.3,0.015,29.91,29.79,0.114,30.35,30.33,0.046,24.24,24.3,0.052,27.63,27.68,0.156,,,,27.16,27.23,0.074,28.04,27.93,0.141,29.22,28.86,0.316,30.76,30.79,0.057,29.07,29.03,0.095,30.31,30.21,0.083,38.01,38.06,0.365,23.3,23.32,0.022,26.22,26.22,0.016,28.46,28.47,0.013
3B,28.31,28.3,0.015,29.68,29.79,0.114,30.28,30.33,0.046,24.32,24.3,0.052,27.55,27.68,0.156,,,,27.22,27.23,0.074,27.77,27.93,0.141,28.63,28.86,0.316,30.75,30.79,0.057,29.09,29.03,0.095,30.15,30.21,0.083,38.45,38.06,0.365,23.34,23.32,0.022,26.24,26.22,0.016,28.47,28.47,0.013
4B,28.26,28.28,0.042,29.56,29.6,0.129,32.21,32.16,0.059,23.97,23.94,0.073,27.33,27.35,0.029,,,,26.86,26.88,0.083,27.39,27.39,0.071,27.52,27.47,0.068,31.26,31.15,0.096,29.2,29.26,0.055,30.24,30.22,0.027,36.8,36.83,0.346,23.47,23.45,0.06,26.25,26.23,0.019,27.2,27.19,0.012
4B,28.26,28.28,0.042,29.5,29.6,0.129,32.09,32.16,0.059,24,23.94,0.073,27.38,27.35,0.029,,,,26.97,26.88,0.083,27.32,27.39,0.071,27.48,27.47,0.068,31.1,31.15,0.096,29.26,29.26,0.055,30.19,30.22,0.027,36.5,36.83,0.346,23.38,23.45,0.06,26.22,26.23,0.019,27.19,27.19,0.012
4B,28.33,28.28,0.042,29.75,29.6,0.129,32.17,32.16,0.059,23.86,23.94,0.073,27.34,27.35,0.029,,,,26.81,26.88,0.083,27.46,27.39,0.071,27.39,27.47,0.068,31.1,31.15,0.096,29.31,29.26,0.055,30.24,30.22,0.027,37.19,36.83,0.346,23.49,23.45,0.06,26.22,26.23,0.019,27.18,27.19,0.012
5B,28.8,28.76,0.032,31.64,31.73,0.077,31.1,31.05,0.038,25.19,25.16,0.061,28.67,28.6,0.085,,,,27.66,27.63,0.053,28.41,28.36,0.066,29.4,29.29,0.107,31.51,31.42,0.128,30.35,30.44,0.119,31.52,31.37,0.124,37.51,37.51,0.544,24.71,24.74,0.036,27.69,27.65,0.038,30.02,29.99,0.102
5B,28.74,28.76,0.032,31.79,31.73,0.077,31.03,31.05,0.038,25.21,25.16,0.061,28.63,28.6,0.085,,,,27.67,27.63,0.053,28.38,28.36,0.066,29.18,29.29,0.107,31.27,31.42,0.128,30.58,30.44,0.119,31.3,31.37,0.124,38.05,37.51,0.544,24.78,24.74,0.036,27.66,27.65,0.038,30.08,29.99,0.102
5B,28.74,28.76,0.032,31.75,31.73,0.077,31.03,31.05,0.038,25.09,25.16,0.061,28.51,28.6,0.085,,,,27.57,27.63,0.053,28.28,28.36,0.066,29.29,29.29,0.107,31.48,31.42,0.128,30.4,30.44,0.119,31.31,31.37,0.124,36.96,37.51,0.544,24.72,24.74,0.036,27.61,27.65,0.038,29.88,29.99,0.102
6B,29.2,29.32,0.172,30.82,30.93,0.19,31.3,31.22,0.084,25.53,25.59,0.095,29.02,28.96,0.148,,,,28.41,28.52,0.131,29.13,29.23,0.164,30.72,30.35,0.317,31.95,32.07,0.134,30.57,30.49,0.072,31.51,31.52,0.011,38.29,37.86,0.473,25.18,25.1,0.076,26.61,26.55,0.069,30.2,30.21,0.032
6B,29.23,29.32,0.172,30.82,30.93,0.19,31.23,31.22,0.084,25.7,25.59,0.095,29.07,28.96,0.148,,,,28.67,28.52,0.131,29.15,29.23,0.164,30.15,30.35,0.317,32.05,32.07,0.134,30.47,30.49,0.072,31.53,31.52,0.011,37.35,37.86,0.473,25.03,25.1,0.076,26.48,26.55,0.069,30.25,30.21,0.032
6B,29.51,29.32,0.172,31.15,30.93,0.19,31.13,31.22,0.084,25.54,25.59,0.095,28.79,28.96,0.148,,,,28.48,28.52,0.131,29.42,29.23,0.164,30.18,30.35,0.317,32.22,32.07,0.134,30.42,30.49,0.072,31.52,31.52,0.011,37.94,37.86,0.473,25.09,25.1,0.076,26.58,26.55,0.069,30.19,30.21,0.032
7B,28.04,28.04,0.017,30.26,30.27,0.062,31.2,31.08,0.099,24.15,24.07,0.102,28.04,27.92,0.115,,,,27.42,27.35,0.086,28.03,27.98,0.045,28.46,28.43,0.032,31.72,31.8,0.072,29.59,29.61,0.014,30.81,30.79,0.03,36.51,37.22,0.635,23.42,23.41,0.03,26.2,26.2,0.01,27.93,28.02,0.082
7B,28.05,28.04,0.017,30.21,30.27,0.062,31.03,31.08,0.099,24.1,24.07,0.102,27.93,27.92,0.115,,,,27.37,27.35,0.086,27.94,27.98,0.045,28.45,28.43,0.032,31.82,31.8,0.072,29.62,29.61,0.014,30.75,30.79,0.03,37.39,37.22,0.635,23.37,23.41,0.03,26.19,26.2,0.01,28.07,28.02,0.082
7B,28.02,28.04,0.017,30.34,30.27,0.062,31.02,31.08,0.099,23.95,24.07,0.102,27.81,27.92,0.115,,,,27.25,27.35,0.086,27.96,27.98,0.045,28.4,28.43,0.032,31.86,31.8,0.072,29.61,29.61,0.014,30.79,30.79,0.03,37.75,37.22,0.635,23.43,23.41,0.03,26.21,26.2,0.01,28.07,28.02,0.082
8B,28.63,28.69,0.094,31.52,31.68,0.149,32.39,32.47,0.064,24.17,24.09,0.066,28.56,28.63,0.093,,,,28.08,28.05,0.027,28.74,28.77,0.032,29.13,29.06,0.063,34.08,33.7,0.327,30.42,30.38,0.135,31.32,31.31,0.122,39.92,39.78,0.501,24.23,24.25,0.043,27.42,27.46,0.039,29.07,29.03,0.033
8B,28.64,28.69,0.094,31.7,31.68,0.149,32.49,32.47,0.064,24.06,24.09,0.066,28.59,28.63,0.093,,,,28.02,28.05,0.027,28.77,28.77,0.032,29.02,29.06,0.063,33.48,33.7,0.327,30.49,30.38,0.135,31.18,31.31,0.122,39.23,39.78,0.501,24.22,24.25,0.043,27.47,27.46,0.039,29.02,29.03,0.033
8B,28.8,28.69,0.094,31.82,31.68,0.149,32.51,32.47,0.064,24.05,24.09,0.066,28.73,28.63,0.093,,,,28.05,28.05,0.027,28.8,28.77,0.032,29.03,29.06,0.063,33.56,33.7,0.327,30.23,30.38,0.135,31.43,31.31,0.122,40.2,39.78,0.501,24.3,24.25,0.043,27.49,27.46,0.039,29.01,29.03,0.033
9B,27.74,27.73,0.054,32.12,32.03,0.077,30.56,30.5,0.064,23.65,23.68,0.028,27.45,27.45,0.044,,,,26.7,26.68,0.016,27.35,27.25,0.091,28.38,28.34,0.034,30.47,30.55,0.155,28.98,28.9,0.113,29.69,29.61,0.083,36.06,36.1,0.188,23.11,23.19,0.077,27.05,27.05,0.058,28.08,28.15,0.068
9B,27.78,27.73,0.054,31.97,32.03,0.077,30.44,30.5,0.064,23.68,23.68,0.028,27.4,27.45,0.044,,,,26.67,26.68,0.016,27.17,27.25,0.091,28.31,28.34,0.034,30.46,30.55,0.155,28.77,28.9,0.113,29.53,29.61,0.083,35.94,36.1,0.188,23.23,23.19,0.077,27.1,27.05,0.058,28.21,28.15,0.068
9B,27.68,27.73,0.054,32.01,32.03,0.077,30.5,30.5,0.064,23.7,23.68,0.028,27.49,27.45,0.044,,,,26.67,26.68,0.016,27.24,27.25,0.091,28.34,28.34,0.034,30.73,30.55,0.155,28.96,28.9,0.113,29.62,29.61,0.083,36.31,36.1,0.188,23.25,23.19,0.077,26.99,27.05,0.058,28.17,28.15,0.068
10B,28.62,28.65,0.059,31.42,31.53,0.205,31.02,31.07,0.051,25.15,25.19,0.035,29.07,29.09,0.097,,,,27.88,27.88,0.035,28.41,28.51,0.16,29.7,29.71,0.181,31.72,31.73,0.128,29.93,29.93,0.024,31.08,31.13,0.068,36.65,36.81,0.659,24.48,24.52,0.074,27.93,27.91,0.022,29.94,29.97,0.07
10B,28.6,28.65,0.059,31.41,31.53,0.205,31.06,31.07,0.051,25.2,25.19,0.035,29.01,29.09,0.097,,,,27.92,27.88,0.035,28.43,28.51,0.16,29.89,29.71,0.181,31.6,31.73,0.128,29.95,29.93,0.024,31.1,31.13,0.068,37.53,36.81,0.659,24.48,24.52,0.074,27.89,27.91,0.022,30.05,29.97,0.07
10B,28.71,28.65,0.059,31.77,31.53,0.205,31.12,31.07,0.051,25.22,25.19,0.035,29.2,29.09,0.097,,,,27.85,27.88,0.035,28.7,28.51,0.16,29.53,29.71,0.181,31.86,31.73,0.128,29.9,29.93,0.024,31.21,31.13,0.068,36.25,36.81,0.659,24.61,24.52,0.074,27.9,27.91,0.022,29.91,29.97,0.07
11B,27.71,27.62,0.082,28.98,28.93,0.053,30.01,30.12,0.111,24.21,24.21,0.069,27.62,27.72,0.103,,,,26.52,26.53,0.07,27.25,27.21,0.031,28.69,28.56,0.127,30.33,30.36,0.044,28.69,28.88,0.177,29.93,29.96,0.077,35.96,36.09,0.173,23.59,23.6,0.061,25.26,25.28,0.046,28.37,28.42,0.116
11B,27.55,27.62,0.082,28.87,28.93,0.053,30.13,30.12,0.111,24.28,24.21,0.069,27.72,27.72,0.103,,,,26.61,26.53,0.07,27.2,27.21,0.031,28.54,28.56,0.127,30.34,30.36,0.044,28.92,28.88,0.177,29.9,29.96,0.077,36.29,36.09,0.173,23.66,23.6,0.061,25.26,25.28,0.046,28.33,28.42,0.116
11B,27.6,27.62,0.082,28.93,28.93,0.053,30.23,30.12,0.111,24.14,24.21,0.069,27.82,27.72,0.103,,,,26.47,26.53,0.07,27.19,27.21,0.031,28.44,28.56,0.127,30.41,30.36,0.044,29.04,28.88,0.177,30.04,29.96,0.077,36.01,36.09,0.173,23.54,23.6,0.061,25.34,25.28,0.046,28.55,28.42,0.116
12B,28.44,28.44,0.002,29.93,29.97,0.042,30.43,30.53,0.121,24.24,24.17,0.081,27.66,27.7,0.135,,,,26.99,26.83,0.146,27.61,27.58,0.059,28.41,28.66,0.232,30.72,30.67,0.104,29.22,29.15,0.06,30.33,30.31,0.019,36.73,36.47,0.302,23.47,23.5,0.038,25.62,25.7,0.066,28.8,28.82,0.08
12B,28.44,28.44,0.002,29.95,29.97,0.042,30.5,30.53,0.121,24.08,24.17,0.081,27.59,27.7,0.135,,,,26.7,26.83,0.146,27.52,27.58,0.059,28.7,28.66,0.232,30.73,30.67,0.104,29.11,29.15,0.06,30.32,30.31,0.019,36.14,36.47,0.302,23.54,23.5,0.038,25.74,25.7,0.066,28.9,28.82,0.08
12B,28.44,28.44,0.002,30.02,29.97,0.042,30.67,30.53,0.121,24.17,24.17,0.081,27.85,27.7,0.135,,,,26.79,26.83,0.146,27.63,27.58,0.059,28.87,28.66,0.232,30.54,30.67,0.104,29.11,29.15,0.06,30.29,30.31,0.019,36.54,36.47,0.302,23.5,23.5,0.038,25.73,25.7,0.066,28.74,28.82,0.08
1C,,,,34.17,34.27,0.131,,,,29.97,29.97,0.048,27.57,27.61,0.03,28.17,28.2,0.031,29.03,28.93,0.119,,,,29.5,29.49,0.024,36.49,35.67,0.708,27.48,27.47,0.073,,,,34.37,34.48,0.137,23.64,23.69,0.041,29.75,29.89,0.18,,,
1C,,,,34.22,34.27,0.131,,,,29.93,29.97,0.048,27.62,27.61,0.03,28.22,28.2,0.031,28.96,28.93,0.119,,,,29.46,29.49,0.024,35.28,35.67,0.708,27.54,27.47,0.073,,,,34.42,34.48,0.137,23.69,23.69,0.041,29.82,29.89,0.18,,,
1C,,,,34.42,34.27,0.131,,,,30.02,29.97,0.048,27.63,27.61,0.03,28.22,28.2,0.031,28.8,28.93,0.119,,,,29.51,29.49,0.024,35.24,35.67,0.708,27.39,27.47,0.073,,,,34.63,34.48,0.137,23.73,23.69,0.041,30.09,29.89,0.18,,,
2C,,,,32.43,32.55,0.103,,,,28.21,28.22,0.025,26.4,26.4,0.048,26.85,26.95,0.085,27.53,27.54,0.018,,,,28.27,28.28,0.011,33.93,34.16,0.275,26.04,26.03,0.005,30.31,30.35,0.051,34.93,35.2,0.228,22.25,22.28,0.062,28.02,28,0.046,,,
2C,,,,32.61,32.55,0.103,,,,28.21,28.22,0.025,26.45,26.4,0.048,27.02,26.95,0.085,27.53,27.54,0.018,,,,28.29,28.28,0.011,34.46,34.16,0.275,26.03,26.03,0.005,30.39,30.35,0.051,35.32,35.2,0.228,22.35,22.28,0.062,27.94,28,0.046,,,
2C,,,,32.6,32.55,0.103,,,,28.25,28.22,0.025,26.35,26.4,0.048,26.98,26.95,0.085,27.56,27.54,0.018,,,,28.27,28.28,0.011,34.09,34.16,0.275,26.03,26.03,0.005,,,,35.34,35.2,0.228,22.23,22.28,0.062,28.03,28,0.046,,,
3C,,,,34.5,34.66,0.148,,,,28.47,28.56,0.083,26.59,26.5,0.081,27.19,27.27,0.081,28,28.02,0.025,,,,28.54,28.5,0.039,34.07,33.95,0.167,26.81,26.72,0.147,,,,37.48,36.99,0.434,22.87,22.93,0.051,29.56,29.63,0.152,,,
3C,,,,34.72,34.66,0.148,,,,28.6,28.56,0.083,26.44,26.5,0.081,27.27,27.27,0.081,28,28.02,0.025,,,,28.49,28.5,0.039,33.76,33.95,0.167,26.79,26.72,0.147,,,,36.67,36.99,0.434,22.97,22.93,0.051,29.53,29.63,0.152,,,
3C,,,,34.78,34.66,0.148,,,,28.63,28.56,0.083,26.47,26.5,0.081,27.35,27.27,0.081,28.04,28.02,0.025,,,,28.47,28.5,0.039,34.02,33.95,0.167,26.55,26.72,0.147,,,,36.82,36.99,0.434,22.95,22.93,0.051,29.81,29.63,0.152,,,
4C,30.12,30.07,0.057,38.3,38.8,0.504,40.42,41.56,1.609,31.32,31.41,0.124,28.25,28.28,0.14,28.76,28.94,0.179,29.88,29.9,0.057,,,,30.1,30.08,0.128,36.12,36.11,0.601,27.89,27.82,0.084,31.86,31.84,0.071,38.55,38.62,0.456,24.07,24.04,0.038,33.23,33.14,0.102,30.45,30.51,0.059
4C,30.06,30.07,0.057,38.79,38.8,0.504,,0,0,31.36,31.41,0.124,28.43,28.28,0.14,28.97,28.94,0.179,29.85,29.9,0.057,,,,30.2,30.08,0.128,35.5,36.11,0.601,27.72,27.82,0.084,31.89,31.84,0.071,39.1,38.62,0.456,24,24.04,0.038,33.03,33.14,0.102,30.57,30.51,0.059
4C,30.01,30.07,0.057,39.31,38.8,0.504,42.7,41.56,1.609,31.55,31.41,0.124,28.16,28.28,0.14,29.11,28.94,0.179,29.96,29.9,0.057,,,,29.95,30.08,0.128,36.7,36.11,0.601,27.85,27.82,0.084,31.75,31.84,0.071,38.2,38.62,0.456,24.06,24.04,0.038,33.15,33.14,0.102,30.5,30.51,0.059
5C,31.47,31.55,0.123,38.03,38.19,0.247,,,,32.42,32.5,0.139,29.81,29.77,0.094,30.3,30.44,0.203,31.68,31.64,0.088,,,,31.71,31.62,0.077,37.49,37.03,0.674,29.41,29.5,0.12,,,,36.19,36.48,0.405,25.57,25.74,0.154,31.79,31.86,0.277,,,
5C,31.64,31.55,0.123,38.06,38.19,0.247,,,,32.67,32.5,0.139,29.67,29.77,0.094,30.68,30.44,0.203,31.54,31.64,0.088,,,,31.56,31.62,0.077,36.25,37.03,0.674,29.45,29.5,0.12,,,,36.94,36.48,0.405,25.88,25.74,0.154,31.63,31.86,0.277,,,
5C,,,,38.47,38.19,0.247,,,,32.43,32.5,0.139,29.84,29.77,0.094,30.35,30.44,0.203,31.7,31.64,0.088,,,,31.6,31.62,0.077,37.33,37.03,0.674,29.63,29.5,0.12,,,,36.31,36.48,0.405,25.78,25.74,0.154,32.17,31.86,0.277,,,
6C,31.23,31.29,0.078,38.44,39.03,0.511,,,,33.07,33.07,0.23,29.44,29.24,0.169,29.72,29.68,0.298,30.7,30.88,0.203,,,,31.47,31.33,0.144,38.57,37.65,0.806,29.58,29.4,0.155,,,,37.27,37.74,0.439,25.89,25.79,0.094,32.36,32.34,0.152,,,
6C,31.34,31.29,0.078,39.3,39.03,0.511,,,,32.84,33.07,0.23,29.18,29.24,0.169,29.36,29.68,0.298,30.83,30.88,0.203,,,,31.33,31.33,0.144,37.32,37.65,0.806,29.33,29.4,0.155,,,,38.13,37.74,0.439,25.79,25.79,0.094,32.18,32.34,0.152,,,
6C,,,,39.36,39.03,0.511,,,,33.3,33.07,0.23,29.11,29.24,0.169,29.95,29.68,0.298,31.1,30.88,0.203,,,,31.18,31.33,0.144,37.07,37.65,0.806,29.3,29.4,0.155,,,,37.81,37.74,0.439,25.7,25.79,0.094,32.48,32.34,0.152,,,
7C,,,,40.26,39.66,0.521,,,,32.57,32.36,0.18,26.4,26.36,0.068,27.23,27.26,0.059,28.36,28.39,0.174,,,,28.25,28.25,0.026,35.04,34.9,0.176,26.37,26.35,0.096,,,,37.01,36.51,0.466,22.15,22.22,0.064,34.26,34.46,0.286,,,
7C,,,,39.32,39.66,0.521,,,,32.3,32.36,0.18,26.4,26.36,0.068,27.33,27.26,0.059,28.23,28.39,0.174,,,,28.27,28.25,0.026,34.7,34.9,0.176,26.44,26.35,0.096,,,,36.44,36.51,0.466,22.27,22.22,0.064,34.33,34.46,0.286,,,
7C,,,,39.39,39.66,0.521,,,,32.23,32.36,0.18,26.29,26.36,0.068,27.23,27.26,0.059,28.57,28.39,0.174,,,,28.22,28.25,0.026,34.97,34.9,0.176,26.25,26.35,0.096,,,,36.08,36.51,0.466,22.24,22.22,0.064,34.79,34.46,0.286,,,
8C,29.3,29.22,0.117,39.12,39.36,0.323,,,,32.52,32.35,0.248,27.2,27.24,0.073,27.8,27.84,0.082,28.77,28.98,0.179,,,,28.91,28.96,0.089,35.56,36.43,1.038,26.65,26.93,0.364,,,,36.48,36.3,0.16,23.13,23.1,0.032,33.19,33.3,0.164,,,
8C,29.13,29.22,0.117,39.24,39.36,0.323,,,,32.07,32.35,0.248,27.2,27.24,0.073,27.78,27.84,0.082,29.04,28.98,0.179,,,,28.9,28.96,0.089,37.58,36.43,1.038,26.8,26.93,0.364,,,,36.16,36.3,0.16,23.11,23.1,0.032,33.22,33.3,0.164,,,
8C,,,,39.73,39.36,0.323,,,,32.48,32.35,0.248,27.33,27.24,0.073,27.93,27.84,0.082,29.11,28.98,0.179,,,,29.06,28.96,0.089,36.15,36.43,1.038,27.34,26.93,0.364,,,,36.27,36.3,0.16,23.07,23.1,0.032,33.49,33.3,0.164,,,
9C,32.9,32.9,0,39.19,38.88,0.42,,,,31.64,31.64,0.027,30.99,30.97,0.122,31.32,31.17,0.128,32.52,32.77,0.255,,,,33.14,33.11,0.075,40.26,40.23,0.143,30.74,30.87,0.131,,,,38.13,37.87,0.328,27.06,27.09,0.026,34.12,34.19,0.06,,,
9C,,,,38.4,38.88,0.42,,,,31.61,31.64,0.027,30.84,30.97,0.122,31.08,31.17,0.128,32.76,32.77,0.255,,,,33.02,33.11,0.075,40.36,40.23,0.143,30.87,30.87,0.131,,,,37.97,37.87,0.328,27.08,27.09,0.026,34.22,34.19,0.06,,,
9C,,,,39.06,38.88,0.42,,,,31.66,31.64,0.027,31.09,30.97,0.122,31.12,31.17,0.128,33.02,32.77,0.255,,,,33.16,33.11,0.075,40.08,40.23,0.143,31,30.87,0.131,,,,37.5,37.87,0.328,27.11,27.09,0.026,34.22,34.19,0.06,,,
10C,28.23,28.39,0.144,38.43,38.73,0.549,38.18,38.68,0.48,33.82,33.91,0.293,28.72,28.86,0.143,27.57,27.55,0.011,30.71,30.52,0.164,,,,30.56,30.69,0.124,36.98,37.01,0.033,26.36,26.35,0.004,31.04,31.05,0.031,37.8,38.21,0.415,23.31,23.04,0.34,32.8,32.83,0.05,29.17,29.22,0.044
10C,28.41,28.39,0.144,39.36,38.73,0.549,38.73,38.68,0.48,33.67,33.91,0.293,28.86,28.86,0.143,27.55,27.55,0.011,30.4,30.52,0.164,,,,30.7,30.69,0.124,37.02,37.01,0.033,26.36,26.35,0.004,31.03,31.05,0.031,38.63,38.21,0.415,23.15,23.04,0.34,32.8,32.83,0.05,29.26,29.22,0.044
10C,28.52,28.39,0.144,38.4,38.73,0.549,39.13,38.68,0.48,34.23,33.91,0.293,29.01,28.86,0.143,27.54,27.55,0.011,30.46,30.52,0.164,,,,30.81,30.69,0.124,37.05,37.01,0.033,26.35,26.35,0.004,31.08,31.05,0.031,38.22,38.21,0.415,22.66,23.04,0.34,32.89,32.83,0.05,29.23,29.22,0.044
11C,,,,37.12,36.84,0.393,,,,32.4,32.39,0.036,27,26.98,0.127,29.31,29.32,0.057,28.67,28.73,0.056,,,,28.46,28.52,0.156,36.31,35.95,0.331,28.53,28.46,0.079,,,,,,,,,,31.92,31.78,0.121,,,
11C,,,,37.01,36.84,0.393,,,,32.35,32.39,0.036,26.85,26.98,0.127,29.27,29.32,0.057,28.77,28.73,0.056,,,,28.4,28.52,0.156,35.89,35.95,0.331,28.38,28.46,0.079,,,,,,,,,,31.68,31.78,0.121,,,
11C,,,,36.39,36.84,0.393,,,,32.42,32.39,0.036,27.1,26.98,0.127,29.39,29.32,0.057,28.76,28.73,0.056,,,,28.7,28.52,0.156,35.66,35.95,0.331,28.47,28.46,0.079,,,,,,,,,,31.75,31.78,0.121,,,
12C,,,,39.02,38.83,0.165,,,,32.83,32.78,0.095,29.38,29.3,0.137,29.66,29.6,0.056,30.66,30.6,0.095,,,,31.69,31.77,0.118,36.32,35.93,0.498,29.81,29.67,0.136,,,,39.03,40.17,1.608,25.28,25.42,0.203,32.15,32.17,0.021,,,
12C,,,,38.73,38.83,0.165,,,,32.67,32.78,0.095,29.14,29.3,0.137,29.55,29.6,0.056,30.49,30.6,0.095,,,,31.72,31.77,0.118,36.09,35.93,0.498,29.54,29.67,0.136,,,,41.31,40.17,1.608,25.57,25.42,0.203,32.16,32.17,0.021,,,
12C,,,,38.75,38.83,0.165,,,,32.84,32.78,0.095,29.37,29.3,0.137,29.61,29.6,0.056,30.65,30.6,0.095,,,,31.91,31.77,0.118,35.37,35.93,0.498,29.67,29.67,0.136,,,,,,,,,,32.19,32.17,0.021,,,
1D,,,,30.39,30.47,0.113,,,,30.18,30.12,0.053,26.52,26.58,0.054,,,,27.03,27.06,0.041,27.02,27.05,0.083,27.06,27.08,0.026,32.29,32.28,0.004,24.81,24.88,0.058,28.27,28.22,0.061,26.63,26.62,0.034,21.78,21.83,0.045,29.53,29.55,0.094,,,
1D,,,,30.6,30.47,0.113,,,,30.08,30.12,0.053,26.59,26.58,0.054,,,,27.05,27.06,0.041,27.15,27.05,0.083,27.08,27.08,0.026,32.28,32.28,0.004,24.92,24.88,0.058,28.15,28.22,0.061,26.66,26.62,0.034,21.86,21.83,0.045,29.66,29.55,0.094,,,
1D,,,,30.43,30.47,0.113,,,,30.09,30.12,0.053,26.62,26.58,0.054,,,,27.1,27.06,0.041,26.99,27.05,0.083,27.11,27.08,0.026,,,,24.9,24.88,0.058,28.25,28.22,0.061,26.59,26.62,0.034,21.86,21.83,0.045,29.48,29.55,0.094,,,
2D,28.29,28.29,0.011,31.02,30.87,0.433,,,,30.66,30.68,0.101,27.33,27.28,0.068,,,,27.69,27.71,0.1,27.66,27.71,0.31,27.73,27.72,0.146,,,,26.1,26.08,0.046,28.84,28.98,0.126,27.89,27.82,0.098,22.91,22.75,0.177,29.25,29.14,0.097,,,
2D,28.3,28.29,0.011,31.22,30.87,0.433,,,,30.59,30.68,0.101,27.2,27.28,0.068,,,,27.62,27.71,0.1,28.04,27.71,0.31,27.87,27.72,0.146,,,,26.03,26.08,0.046,29.05,28.98,0.126,27.87,27.82,0.098,22.79,22.75,0.177,29.09,29.14,0.097,,,
2D,,,,30.39,30.87,0.433,,,,30.79,30.68,0.101,27.31,27.28,0.068,,,,27.81,27.71,0.1,27.43,27.71,0.31,27.57,27.72,0.146,,,,26.11,26.08,0.046,29.06,28.98,0.126,27.71,27.82,0.098,22.56,22.75,0.177,29.08,29.14,0.097,,,
3D,29.14,29.17,0.041,32.8,32.88,0.137,,,,31.02,30.97,0.105,28.01,27.87,0.138,,,,28.76,28.79,0.03,28.85,28.84,0.089,29.08,28.91,0.17,,,,26.57,26.5,0.065,29.72,29.7,0.019,28.4,28.51,0.1,23,23.03,0.039,31.1,31.01,0.224,,,
3D,29.2,29.17,0.041,33.04,32.88,0.137,,,,31.04,30.97,0.105,27.86,27.87,0.138,,,,28.82,28.79,0.03,28.92,28.84,0.089,28.9,28.91,0.17,,,,26.47,26.5,0.065,29.71,29.7,0.019,28.56,28.51,0.1,23.03,23.03,0.039,30.76,31.01,0.224,,,
3D,,,,32.81,32.88,0.137,,,,30.85,30.97,0.105,27.73,27.87,0.138,,,,28.8,28.79,0.03,28.74,28.84,0.089,28.74,28.91,0.17,,,,26.45,26.5,0.065,29.68,29.7,0.019,28.58,28.51,0.1,23.07,23.03,0.039,31.18,31.01,0.224,,,
4D,28.46,28.56,0.132,33.12,32.95,0.236,,,,31.17,31.24,0.071,27.4,27.38,0.125,,,,27.54,27.5,0.108,27.3,27.24,0.048,28.49,28.21,0.247,,,,25.73,25.66,0.176,28.95,28.98,0.086,27.56,27.52,0.038,23.46,23.43,0.026,31.88,31.63,0.242,,,
4D,28.65,28.56,0.132,33.06,32.95,0.236,,,,31.24,31.24,0.071,27.49,27.38,0.125,,,,27.37,27.5,0.108,27.2,27.24,0.048,28.03,28.21,0.247,,,,25.79,25.66,0.176,28.92,28.98,0.086,27.49,27.52,0.038,23.41,23.43,0.026,31.4,31.63,0.242,,,
4D,,,,32.68,32.95,0.236,,,,31.31,31.24,0.071,27.24,27.38,0.125,,,,27.57,27.5,0.108,27.24,27.24,0.048,28.12,28.21,0.247,,,,25.46,25.66,0.176,29.08,28.98,0.086,27.51,27.52,0.038,23.42,23.43,0.026,31.62,31.63,0.242,,,
5D,29.12,29.2,0.105,34.28,34.12,0.247,,,,33.83,33.7,0.136,28.99,28.75,0.255,,,,28.31,28.36,0.04,28.45,28.31,0.15,30.11,30.15,0.051,,,,26.42,26.3,0.124,29.89,29.9,0.011,27.76,27.87,0.11,25.1,25.19,0.105,32.28,32.25,0.093,,,
5D,29.27,29.2,0.105,33.84,34.12,0.247,,,,33.56,33.7,0.136,28.79,28.75,0.255,,,,28.39,28.36,0.04,28.15,28.31,0.15,30.21,30.15,0.051,,,,26.31,26.3,0.124,29.89,29.9,0.011,27.88,27.87,0.11,25.17,25.19,0.105,32.15,32.25,0.093,,,
5D,,,,34.25,34.12,0.247,,,,33.7,33.7,0.136,28.48,28.75,0.255,,,,28.37,28.36,0.04,28.33,28.31,0.15,30.13,30.15,0.051,,,,26.17,26.3,0.124,29.91,29.9,0.011,27.97,27.87,0.11,25.31,25.19,0.105,32.33,32.25,0.093,,,
6D,29.17,29.23,0.052,34.38,34.54,0.278,,,,33.51,33.7,0.257,28.08,28.12,0.036,,,,28.28,28.33,0.07,28.46,28.45,0.116,29.87,29.72,0.181,,,,26.48,26.47,0.013,29.56,29.71,0.144,28.16,28.09,0.059,24.33,24.24,0.086,31.44,31.63,0.215,,,
6D,29.26,29.23,0.052,34.86,34.54,0.278,,,,33.99,33.7,0.257,28.12,28.12,0.036,,,,28.32,28.33,0.07,28.57,28.45,0.116,29.77,29.72,0.181,,,,26.47,26.47,0.013,29.74,29.71,0.144,28.05,28.09,0.059,24.22,24.24,0.086,31.86,31.63,0.215,,,
6D,29.26,29.23,0.052,34.38,34.54,0.278,,,,33.61,33.7,0.257,28.15,28.12,0.036,,,,28.41,28.33,0.07,28.33,28.45,0.116,29.52,29.72,0.181,,,,26.46,26.47,0.013,29.84,29.71,0.144,28.07,28.09,0.059,24.17,24.24,0.086,31.58,31.63,0.215,,,
7D,28.15,28.21,0.079,34.16,34.19,0.06,39.46,39.43,1.275,35.07,35.06,0.056,27.84,27.92,0.064,,,,27.7,27.69,0.041,27.9,27.78,0.12,28.76,28.85,0.135,31.91,32,0.09,25.62,25.64,0.05,28.98,29,0.02,27.44,27.47,0.028,23.81,23.93,0.108,33.78,33.56,0.207,29.39,29.32,0.082
7D,28.17,28.21,0.079,34.26,34.19,0.06,40.68,39.43,1.275,35.11,35.06,0.056,27.94,27.92,0.064,,,,27.64,27.69,0.041,27.66,27.78,0.12,28.79,28.85,0.135,32.09,32,0.09,25.7,25.64,0.05,29,29,0.02,27.48,27.47,0.028,23.96,23.93,0.108,33.55,33.56,0.207,29.34,29.32,0.082
7D,28.3,28.21,0.079,34.15,34.19,0.06,38.13,39.43,1.275,35,35.06,0.056,27.96,27.92,0.064,,,,27.72,27.69,0.041,27.79,27.78,0.12,29,28.85,0.135,32.01,32,0.09,25.6,25.64,0.05,29.02,29,0.02,27.49,27.47,0.028,24.02,23.93,0.108,33.36,33.56,0.207,29.23,29.32,0.082
8D,32.19,32.31,0.165,40.7,40.7,0,,,,41.43,41.68,0.579,31.61,31.74,0.24,,,,31.08,31.24,0.137,31.23,31.21,0.077,33.17,33.17,0.118,,,,29.16,29.22,0.136,32.21,32.46,0.231,30.63,30.55,0.082,28.07,27.9,0.162,40.7,40.7,0,,,
8D,32.42,32.31,0.165,40.7,40.7,0,,,,41.27,41.68,0.579,31.59,31.74,0.24,,,,31.32,31.24,0.137,31.12,31.21,0.077,33.06,33.17,0.118,,,,29.13,29.22,0.136,32.66,32.46,0.231,30.46,30.55,0.082,27.76,27.9,0.162,40.7,40.7,0,,,
8D,,,,40.7,40.7,0,,,,42.35,41.68,0.579,32.02,31.74,0.24,,,,31.31,31.24,0.137,31.27,31.21,0.077,33.29,33.17,0.118,,,,29.38,29.22,0.136,32.52,32.46,0.231,30.55,30.55,0.082,27.86,27.9,0.162,40.7,40.7,0,,,
9D,30.25,30.26,0.125,33.74,33.8,0.121,,,,31.56,31.55,0.036,29.15,29.16,0.047,,,,28.6,29.02,0.381,29.32,29.43,0.094,30.68,30.89,0.208,,,,27.58,27.56,0.037,29.4,30.2,0.694,28.87,28.87,0.03,25.41,25.38,0.031,33.23,32.99,0.391,,,
9D,30.14,30.26,0.125,33.72,33.8,0.121,,,,31.51,31.55,0.036,29.12,29.16,0.047,,,,29.13,29.02,0.381,29.45,29.43,0.094,30.92,30.89,0.208,,,,27.57,27.56,0.037,30.56,30.2,0.694,28.84,28.87,0.03,25.35,25.38,0.031,33.2,32.99,0.391,,,
9D,30.39,30.26,0.125,33.94,33.8,0.121,,,,31.57,31.55,0.036,29.21,29.16,0.047,,,,29.34,29.02,0.381,29.51,29.43,0.094,31.09,30.89,0.208,,,,27.51,27.56,0.037,30.64,30.2,0.694,28.9,28.87,0.03,25.38,25.38,0.031,32.54,32.99,0.391,,,
10D,30.1,30.1,0,40.7,40.7,0.196,,,,42.18,42.18,0,29.31,29.26,0.048,,,,29.89,29.94,0.078,29.6,29.62,0.03,30.59,30.65,0.108,,,,28.08,28.04,0.035,31.21,31.32,0.142,29.54,29.55,0.013,24.65,24.64,0.052,40.7,40.7,0,,,
10D,,,,40.7,40.7,0.196,,,,,,0,29.22,29.26,0.048,,,,29.91,29.94,0.078,29.66,29.62,0.03,30.77,30.65,0.108,,,,28.03,28.04,0.035,31.28,31.32,0.142,29.57,29.55,0.013,24.68,24.64,0.052,40.7,40.7,0,,,
10D,,,,40.7,40.7,0.196,,,,,,0,29.25,29.26,0.048,,,,30.03,29.94,0.078,29.61,29.62,0.03,30.58,30.65,0.108,,,,28.01,28.04,0.035,31.48,31.32,0.142,29.55,29.55,0.013,24.58,24.64,0.052,40.7,40.7,0,,,
11D,29.4,29.46,0.087,32.84,33.16,0.287,,,,32.88,32.94,0.102,28.51,28.67,0.155,,,,28.54,28.56,0.032,28.46,28.56,0.104,29.94,29.99,0.052,,,,26.8,26.96,0.138,30.2,30.16,0.053,28.26,28.25,0.01,24.46,24.55,0.077,31.18,31.3,0.103,,,
11D,29.52,29.46,0.087,33.25,33.16,0.287,,,,32.87,32.94,0.102,28.67,28.67,0.155,,,,28.54,28.56,0.032,28.56,28.56,0.104,29.99,29.99,0.052,,,,27.03,26.96,0.138,30.1,30.16,0.053,28.25,28.25,0.01,24.6,24.55,0.077,31.37,31.3,0.103,,,
11D,,,,33.39,33.16,0.287,,,,33.05,32.94,0.102,28.82,28.67,0.155,,,,28.6,28.56,0.032,28.67,28.56,0.104,30.04,29.99,0.052,,,,27.05,26.96,0.138,30.18,30.16,0.053,28.24,28.25,0.01,24.6,24.55,0.077,31.34,31.3,0.103,,,
12D,29.4,29.39,0.024,34.32,34.38,0.147,38.28,37.91,0.457,32.91,32.82,0.177,28.31,28.26,0.055,,,,28.42,28.37,0.066,28.17,28.33,0.16,29.52,29.59,0.098,32.33,32.44,0.135,26.57,26.54,0.025,29.62,29.63,0.025,28.02,28.02,0.011,24.15,24.14,0.011,31.43,31.29,0.173,30.36,30.39,0.072
12D,29.36,29.39,0.024,34.27,34.38,0.147,38.05,37.91,0.457,32.92,32.82,0.177,28.21,28.26,0.055,,,,28.3,28.37,0.066,28.33,28.33,0.16,29.7,29.59,0.098,32.39,32.44,0.135,26.52,26.54,0.025,29.61,29.63,0.025,28.01,28.02,0.011,24.13,24.14,0.011,31.34,31.29,0.173,30.47,30.39,0.072
12D,29.4,29.39,0.024,34.54,34.38,0.147,37.4,37.91,0.457,32.61,32.82,0.177,28.27,28.26,0.055,,,,28.4,28.37,0.066,28.49,28.33,0.16,29.53,29.59,0.098,32.59,32.44,0.135,26.54,26.54,0.025,29.65,29.63,0.025,28.04,28.02,0.011,24.14,24.14,0.011,31.09,31.29,0.173,30.34,30.39,0.072
1E,26.38,26.39,0.025,30.21,30.21,0,,,,25.44,25.51,0.071,25.37,25.43,0.075,25.46,25.56,0.09,25.9,25.69,0.188,,,,27.03,26.86,0.24,,,,27.94,27.92,0.044,,,,35.52,35.28,0.235,22.16,22.22,0.071,23.38,23.45,0.061,26.44,26.24,0.182
1E,26.41,26.39,0.025,30.15,30.15,0,,,,25.58,25.51,0.071,25.51,25.43,0.075,25.62,25.56,0.09,25.55,25.69,0.188,,,,26.59,26.86,0.24,,,,27.95,27.92,0.044,,,,35.05,35.28,0.235,22.19,22.22,0.071,23.49,23.45,0.061,26.09,26.24,0.182
1E,,,,30.31,30.31,0,,,,25.5,25.51,0.071,25.4,25.43,0.075,25.61,25.56,0.09,25.62,25.69,0.188,,,,26.97,26.86,0.24,,,,27.86,27.92,0.044,,,,35.25,35.28,0.235,22.3,22.22,0.071,23.48,23.45,0.061,26.19,26.24,0.182
2E,27.32,27.35,0.039,29.46,29.44,0.024,,,,25.95,25.99,0.032,26.57,26.55,0.102,26.65,26.59,0.054,26.81,26.87,0.063,,,,28.12,28.11,0.067,,,,28.67,28.62,0.054,,,,36.76,36.84,0.123,23.01,22.95,0.065,24.28,24.27,0.028,27.02,27.17,0.136
2E,27.38,27.35,0.039,29.42,29.44,0.024,,,,26.02,25.99,0.032,26.64,26.55,0.102,26.55,26.59,0.054,26.87,26.87,0.063,,,,28.05,28.11,0.067,,,,28.56,28.62,0.054,,,,36.98,36.84,0.123,22.97,22.95,0.065,24.3,24.27,0.028,27.29,27.17,0.136
2E,,,,29.42,29.44,0.024,,,,25.99,25.99,0.032,26.44,26.55,0.102,26.56,26.59,0.054,26.94,26.87,0.063,,,,28.18,28.11,0.067,,,,28.64,28.62,0.054,,,,36.77,36.84,0.123,22.88,22.95,0.065,24.24,24.27,0.028,27.2,27.17,0.136
3E,27.86,28.01,0.151,32.32,32.45,0.126,37.04,37.44,0.354,25.16,25.24,0.151,26.75,26.53,0.194,26.52,26.59,0.172,27.1,27.08,0.043,,,,28.35,28.29,0.068,32.86,32.93,0.079,29.03,29.01,0.065,28.7,28.77,0.056,37.18,37.37,0.256,23.34,23.35,0.032,24.82,24.69,0.118,27.49,27.5,0.051
3E,28.16,28.01,0.151,32.47,32.45,0.126,37.61,37.44,0.354,25.14,25.24,0.151,26.4,26.53,0.194,26.46,26.59,0.172,27.11,27.08,0.043,,,,28.3,28.29,0.068,33.02,32.93,0.079,29.07,29.01,0.065,28.8,28.77,0.056,37.27,37.37,0.256,23.32,23.35,0.032,24.62,24.69,0.118,27.55,27.5,0.051
3E,28.02,28.01,0.151,32.57,32.45,0.126,37.68,37.44,0.354,25.41,25.24,0.151,26.44,26.53,0.194,26.79,26.59,0.172,27.03,27.08,0.043,,,,28.22,28.29,0.068,32.91,32.93,0.079,28.94,29.01,0.065,28.8,28.77,0.056,37.66,37.37,0.256,23.38,23.35,0.032,24.62,24.69,0.118,27.45,27.5,0.051
4E,27.12,26.97,0.212,34.25,34.21,0.148,,,,26.03,26.04,0.011,26.1,25.97,0.115,25.94,25.97,0.065,26.26,26.16,0.086,,,,27.82,27.61,0.262,,,,28.19,28.18,0.014,,,,36,36.2,0.258,23.01,22.91,0.15,24.1,23.97,0.119,26.94,26.93,0.05
4E,26.82,26.97,0.212,34.05,34.21,0.148,,,,26.05,26.04,0.011,25.9,25.97,0.115,25.92,25.97,0.065,26.1,26.16,0.086,,,,27.32,27.61,0.262,,,,28.17,28.18,0.014,,,,36.1,36.2,0.258,22.97,22.91,0.15,23.86,23.97,0.119,26.97,26.93,0.05
4E,,,,34.34,34.21,0.148,,,,26.04,26.04,0.011,25.89,25.97,0.115,26.04,25.97,0.065,26.12,26.16,0.086,,,,27.68,27.61,0.262,,,,28.2,28.18,0.014,,,,36.49,36.2,0.258,22.74,22.91,0.15,23.96,23.97,0.119,26.87,26.93,0.05
5E,28.56,28.55,0.022,36.78,36.58,0.248,,,,28.89,28.85,0.033,27.35,27.33,0.018,27.45,27.5,0.043,27.54,27.62,0.111,,,,29.3,29.17,0.115,,,,29.87,29.71,0.147,,,,37.48,37.46,0.249,24.2,24.23,0.023,25.48,25.42,0.057,28.04,28.12,0.113
5E,28.56,28.55,0.022,36.3,36.58,0.248,,,,28.82,28.85,0.033,27.32,27.33,0.018,27.52,27.5,0.043,27.75,27.62,0.111,,,,29.09,29.17,0.115,,,,29.64,29.71,0.147,,,,37.7,37.46,0.249,24.24,24.23,0.023,25.41,25.42,0.057,28.25,28.12,0.113
5E,28.52,28.55,0.022,36.66,36.58,0.248,,,,28.85,28.85,0.033,27.33,27.33,0.018,27.53,27.5,0.043,27.58,27.62,0.111,,,,29.11,29.17,0.115,,,,29.6,29.71,0.147,,,,37.2,37.46,0.249,24.24,24.23,0.023,25.37,25.42,0.057,28.07,28.12,0.113
6E,28.56,28.66,0.143,35.58,35.45,0.231,,,,28.58,28.59,0.005,27.26,27.16,0.102,27.24,27.24,0.034,28.26,28.23,0.031,,,,28.94,28.9,0.047,,,,30,29.9,0.115,,,,37.23,37.4,0.161,24.05,23.89,0.144,25.03,25.02,0.006,27.78,27.87,0.111
6E,28.77,28.66,0.143,35.58,35.45,0.231,,,,28.59,28.59,0.005,27.05,27.16,0.102,27.21,27.24,0.034,28.2,28.23,0.031,,,,28.9,28.9,0.047,,,,29.78,29.9,0.115,,,,37.4,37.4,0.161,23.77,23.89,0.144,25.01,25.02,0.006,27.85,27.87,0.111
6E,,,,35.18,35.45,0.231,,,,28.59,28.59,0.005,27.17,27.16,0.102,27.28,27.24,0.034,28.24,28.23,0.031,,,,28.85,28.9,0.047,,,,29.94,29.9,0.115,,,,37.55,37.4,0.161,23.84,23.89,0.144,25.02,25.02,0.006,27.99,27.87,0.111
7E,28.24,28.26,0.022,36.71,36.6,0.112,,,,27.66,27.57,0.085,27.2,27.2,0.082,27.37,27.19,0.17,27.65,27.74,0.08,,,,28.73,28.74,0.081,,,,29.9,29.81,0.207,,,,38.96,38.51,0.781,23.76,23.88,0.102,25.42,25.42,0.095,28.03,28.06,0.019
7E,28.27,28.26,0.022,36.48,36.6,0.112,,,,27.49,27.57,0.085,27.28,27.2,0.082,27.04,27.19,0.17,27.76,27.74,0.08,,,,28.83,28.74,0.081,,,,29.96,29.81,0.207,,,,37.61,38.51,0.781,23.92,23.88,0.102,25.51,25.42,0.095,28.07,28.06,0.019
7E,,,,36.61,36.6,0.112,,,,27.57,27.57,0.085,27.12,27.2,0.082,27.16,27.19,0.17,27.81,27.74,0.08,,,,28.67,28.74,0.081,,,,29.57,29.81,0.207,,,,38.96,38.51,0.781,23.96,23.88,0.102,25.32,25.42,0.095,28.07,28.06,0.019
8E,28.31,28.28,0.033,36.72,36.86,0.196,39.85,39.58,0.344,27.2,27.2,0.036,27.66,27.68,0.052,27.8,27.64,0.151,27.79,27.77,0.095,,,,27.92,28.46,0.469,34.32,34.13,0.184,30.08,30.1,0.052,30.01,30.03,0.013,39.79,39.82,0.271,24.89,24.71,0.171,25.16,25.19,0.024,28.23,28.09,0.282
8E,28.25,28.28,0.033,36.78,36.86,0.196,39.2,39.58,0.344,27.16,27.2,0.036,27.74,27.68,0.052,27.5,27.64,0.151,27.67,27.77,0.095,,,,28.68,28.46,0.469,34.13,34.13,0.184,30.06,30.1,0.052,30.04,30.03,0.013,40.1,39.82,0.271,24.55,24.71,0.171,25.2,25.19,0.024,27.77,28.09,0.282
8E,28.28,28.28,0.033,37.08,36.86,0.196,39.7,39.58,0.344,27.23,27.2,0.036,27.64,27.68,0.052,27.63,27.64,0.151,27.86,27.77,0.095,,,,28.78,28.46,0.469,33.95,34.13,0.184,30.16,30.1,0.052,30.03,30.03,0.013,39.56,39.82,0.271,24.69,24.71,0.171,25.2,25.19,0.024,28.27,28.09,0.282
9E,29.07,29.11,0.063,36.45,36.44,0.043,,,,28.85,28.76,0.097,28.02,27.98,0.075,28.23,28.14,0.09,28.61,28.58,0.028,,,,29.97,29.99,0.112,,,,30.86,30.8,0.09,,,,40.19,39.19,0.866,24.5,24.58,0.115,26.05,26.02,0.089,29.29,29.21,0.086
9E,29.15,29.11,0.063,36.48,36.44,0.043,,,,28.77,28.76,0.097,28.02,27.98,0.075,28.12,28.14,0.09,28.58,28.58,0.028,,,,29.88,29.99,0.112,,,,30.69,30.8,0.09,,,,38.76,39.19,0.866,24.53,24.58,0.115,26.09,26.02,0.089,29.2,29.21,0.086
9E,,,,36.39,36.44,0.043,,,,28.66,28.76,0.097,27.89,27.98,0.075,28.05,28.14,0.09,28.56,28.58,0.028,,,,30.11,29.99,0.112,,,,30.83,30.8,0.09,,,,38.63,39.19,0.866,24.71,24.58,0.115,25.92,26.02,0.089,29.12,29.21,0.086
10E,27.56,27.67,0.094,36.17,35.94,0.2,37.93,37.94,0.31,27.45,27.57,0.132,27.2,27.17,0.036,27.14,27.29,0.15,27.31,27.31,0.042,,,,28.29,28.27,0.016,33.98,33.99,0.031,29.38,29.25,0.161,29.55,29.49,0.124,37.15,37.33,0.248,24.28,24.23,0.051,25.13,25.16,0.032,27.75,27.78,0.071
10E,27.7,27.67,0.094,35.87,35.94,0.2,38.25,37.94,0.31,27.55,27.57,0.132,27.13,27.17,0.036,27.3,27.29,0.15,27.26,27.31,0.042,,,,28.27,28.27,0.016,33.96,33.99,0.031,29.07,29.25,0.161,29.57,29.49,0.124,37.23,37.33,0.248,24.23,24.23,0.051,25.19,25.16,0.032,27.73,27.78,0.071
10E,27.74,27.67,0.094,35.78,35.94,0.2,37.63,37.94,0.31,27.71,27.57,0.132,27.18,27.17,0.036,27.43,27.29,0.15,27.35,27.31,0.042,,,,28.25,28.27,0.016,34.02,33.99,0.031,29.29,29.25,0.161,29.35,29.49,0.124,37.62,37.33,0.248,24.18,24.23,0.051,25.15,25.16,0.032,27.86,27.78,0.071
11E,29.12,29.1,0.088,35.21,35.25,0.134,39.86,39.09,0.689,27.98,28.08,0.089,28.1,28.09,0.005,27.85,28.04,0.199,28.43,28.47,0.047,,,,30.01,30.03,0.036,35.03,34.98,0.279,30.6,30.41,0.208,30.41,30.37,0.04,37.1,37.59,0.439,24.76,24.77,0.077,25.95,25.98,0.082,28.79,28.89,0.112
11E,29.01,29.1,0.088,35.14,35.25,0.134,38.54,39.09,0.689,28.09,28.08,0.089,28.09,28.09,0.005,28.03,28.04,0.199,28.45,28.47,0.047,,,,30.07,30.03,0.036,34.67,34.98,0.279,30.19,30.41,0.208,30.36,30.37,0.04,37.95,37.59,0.439,24.7,24.77,0.077,25.91,25.98,0.082,28.87,28.89,0.112
11E,29.18,29.1,0.088,35.4,35.25,0.134,38.87,39.09,0.689,28.16,28.08,0.089,28.09,28.09,0.005,28.25,28.04,0.199,28.52,28.47,0.047,,,,30.01,30.03,0.036,35.22,34.98,0.279,30.45,30.41,0.208,30.33,30.37,0.04,37.72,37.59,0.439,24.85,24.77,0.077,26.07,25.98,0.082,29.01,28.89,0.112
12E,28.47,28.4,0.07,35.46,35.45,0.207,39.83,40.08,0.923,27.16,27.12,0.104,26.79,26.81,0.108,26.93,26.83,0.18,27.58,27.67,0.099,,,,28.64,28.63,0.046,33.45,33.44,0.007,29.84,29.86,0.037,30.1,30.09,0.033,37.85,37.53,0.313,23.31,23.26,0.057,25.06,25.1,0.065,28.16,28.16,0.048
12E,28.4,28.4,0.07,35.65,35.45,0.207,39.31,40.08,0.923,27.2,27.12,0.104,26.72,26.81,0.108,26.93,26.83,0.18,27.78,27.67,0.099,,,,28.67,28.63,0.046,33.44,33.44,0.007,29.9,29.86,0.037,30.06,30.09,0.033,37.5,37.53,0.313,23.2,23.26,0.057,25.06,25.1,0.065,28.12,28.16,0.048
12E,28.33,28.4,0.07,35.24,35.45,0.207,41.1,40.08,0.923,27.01,27.12,0.104,26.93,26.81,0.108,26.62,26.83,0.18,27.66,27.67,0.099,,,,28.58,28.63,0.046,33.43,33.44,0.007,29.83,29.86,0.037,30.12,30.09,0.033,37.23,37.53,0.313,23.26,23.26,0.057,25.17,25.1,0.065,28.21,28.16,0.048
